#Allele	Gene family	Product name	Scope	Type	Subtype	Class	Subclass	Whitelisted taxa	RefSeq protein	RefSeq nucleotide	GenBank protein	GenBank nucleotide	Curated RefSeq start	Links
OKP-B-197	SHV	chimeric class A beta-lactamase OKP-B/SHV-197	core	AMR	AMR	BETA-LACTAM	BETA-LACTAM		WP_254508451.1	NG_244985.1	MCP6746054.1	JANBVT010000001.1	No	0
SHV-100	SHV	broad-spectrum class A beta-lactamase SHV-100	core	AMR	AMR	BETA-LACTAM	CEPHALOSPORIN		WP_063864604.1	NG_049990.1	CAQ03505.1	AM941846.1	No	0
SHV-101	SHV	broad-spectrum class A beta-lactamase SHV-101	core	AMR	AMR	BETA-LACTAM	BETA-LACTAM		WP_063864605.1	NG_049991.1	ABV72593.1	EU155018.1	No	0
SHV-102	SHV	extended-spectrum class A beta-lactamase SHV-102	core	AMR	AMR	BETA-LACTAM	CEPHALOSPORIN		WP_063864606.1	NG_049992.1	ABS72342.1	EU024485.1	No	0
SHV-103	SHV	broad-spectrum class A beta-lactamase SHV-103	core	AMR	AMR	BETA-LACTAM	BETA-LACTAM		WP_063864607.1	NG_049993.1	ABS72351.1	EU032604.1	No	0
SHV-104	SHV	broad-spectrum class A beta-lactamase SHV-104	core	AMR	AMR	BETA-LACTAM	CEPHALOSPORIN		WP_032492114.1	NG_049994.1	ABX71158.1	EU274581.1	No	0
SHV-105	SHV	extended-spectrum class A beta-lactamase SHV-105	core	AMR	AMR	BETA-LACTAM	CEPHALOSPORIN		WP_063864608.1	NG_049995.1	ACI22621.1	FJ194944.1	No	0
SHV-106	SHV	extended-spectrum class A beta-lactamase SHV-106	core	AMR	AMR	BETA-LACTAM	CEPHALOSPORIN		WP_063864609.1	NG_049996.1	CAP58290.1	AM922307.1	No	0
SHV-107	SHV	inhibitor-resistant broad-spectrum class A beta-lactamase SHV-107	core	AMR	AMR	BETA-LACTAM	BETA-LACTAM		WP_063864610.1	NG_049997.1	CAP58291.1	AM922308.1	No	0
SHV-108	SHV	broad-spectrum class A beta-lactamase SHV-108	core	AMR	AMR	BETA-LACTAM	BETA-LACTAM		WP_063864611.1	NG_049998.1	CAP58292.1	AM922309.1	No	0
SHV-109	SHV	broad-spectrum class A beta-lactamase SHV-109	core	AMR	AMR	BETA-LACTAM	BETA-LACTAM		WP_063864612.1	NG_049999.1	ACM04459.1	EU418913.1	No	0
SHV-110	SHV	class A beta-lactamase SHV-110	core	AMR	AMR	BETA-LACTAM	BETA-LACTAM		WP_063864613.1	NG_050001.1	AEK48094.1	HQ877615.1	No	0
SHV-111	SHV	broad-spectrum class A beta-lactamase SHV-111	core	AMR	AMR	BETA-LACTAM	BETA-LACTAM		WP_063864614.1	NG_050002.1	BAF95849.1	AB372881.1	No	0
SHV-115	SHV	class A beta-lactamase SHV-115	core	AMR	AMR	BETA-LACTAM	BETA-LACTAM		WP_156404661.1	NG_067162.1	QFR38191.1	MN550984.1	No	0
SHV-116	SHV	class A beta-lactamase SHV-116	core	AMR	AMR	BETA-LACTAM	BETA-LACTAM		WP_117062210.1	NG_068211.1	SYU51410.1	ULEP01000017.1	No	0
SHV-119	SHV	class A beta-lactamase SHV-119	core	AMR	AMR	BETA-LACTAM	BETA-LACTAM		WP_063864615.1	NG_050003.1	AIG51284.1	KJ776406.1	No	0
SHV-11	SHV	broad-spectrum class A beta-lactamase SHV-11	core	AMR	AMR	BETA-LACTAM	BETA-LACTAM		WP_004176269.1	NG_050000.1	CAA66729.1	X98101.1	No	0
SHV-120	SHV	extended-spectrum class A beta-lactamase SHV-120	core	AMR	AMR	BETA-LACTAM	CEPHALOSPORIN		WP_063864616.1	NG_050004.1	AEG79634.1	JF812965.1	No	0
SHV-121	SHV	class A beta-lactamase SHV-121	core	AMR	AMR	BETA-LACTAM	BETA-LACTAM		WP_063864617.1	NG_050005.1	ACV53157.1	GQ428198.1	No	0
SHV-122b	SHV	class A beta-lactamase SHV-122b	core	AMR	AMR	BETA-LACTAM	BETA-LACTAM		WP_223146970.1	NG_076808.1	ADR80609.1	HM751103.1	No	0
SHV-128	SHV	extended-spectrum class A beta-lactamase SHV-128	core	AMR	AMR	BETA-LACTAM	CEPHALOSPORIN		WP_063864618.1	NG_050006.1	ADE58494.1	GU932590.1	No	0
SHV-129	SHV	extended-spectrum class A beta-lactamase SHV-129	core	AMR	AMR	BETA-LACTAM	CEPHALOSPORIN		WP_032494802.1	NG_050007.1	ADE08533.1	GU827715.1	No	0
SHV-12	SHV	extended-spectrum class A beta-lactamase SHV-12	core	AMR	AMR	BETA-LACTAM	CEFIDEROCOL/CEPHALOSPORIN		WP_002904004.1	NG_050590.1	AHN60527.1	KF976405.1	No	0
SHV-132	SHV	inhibitor-resistant broad-spectrum class A beta-lactamase SHV-132	core	AMR	AMR	BETA-LACTAM	BETA-LACTAM		WP_063864620.1	NG_050009.1	ADU15837.1	GU981741.1	No	0
SHV-133	SHV	broad-spectrum class A beta-lactamase SHV-133	core	AMR	AMR	BETA-LACTAM	BETA-LACTAM		WP_063864621.1	NG_050010.1	BAI94487.1	AB551737.1	No	0
SHV-134	SHV	extended-spectrum class A beta-lactamase SHV-134	core	AMR	AMR	BETA-LACTAM	CEPHALOSPORIN		WP_063864622.1	NG_050011.1	ADM25824.1	HM559945.1	No	0
SHV-135	SHV	broad-spectrum class A beta-lactamase SHV-135	core	AMR	AMR	BETA-LACTAM	BETA-LACTAM		WP_063864623.1	NG_050012.1	ADR66517.1	HQ637576.1	No	0
SHV-137	SHV	broad-spectrum class A beta-lactamase SHV-137	core	AMR	AMR	BETA-LACTAM	BETA-LACTAM		WP_063864624.1	NG_050013.1	AEI83430.1	HQ661363.1	No	0
SHV-13	SHV	extended-spectrum class A beta-lactamase SHV-13	core	AMR	AMR	BETA-LACTAM	CEPHALOSPORIN		WP_063864619.1	NG_050008.1	AAD43815.1	AF164577.1	No	1
SHV-141	SHV	extended-spectrum class A beta-lactamase SHV-141	core	AMR	AMR	BETA-LACTAM	CEPHALOSPORIN		WP_063864626.1	NG_050015.1	AFC60795.1	JQ388884.1	No	0
SHV-142	SHV	broad-spectrum class A beta-lactamase SHV-142	core	AMR	AMR	BETA-LACTAM	BETA-LACTAM		WP_063864627.1	NG_050016.1	AEX99752.1	JQ029959.1	No	0
SHV-143	SHV	class A beta-lactamase SHV-143	core	AMR	AMR	BETA-LACTAM	BETA-LACTAM		WP_063864628.1	NG_050017.1	AFQ32277.1	JQ341060.1	No	0
SHV-144	SHV	class A beta-lactamase SHV-144	core	AMR	AMR	BETA-LACTAM	BETA-LACTAM		WP_063864629.1	NG_050018.1	AFK93491.1	JQ926986.1	No	0
SHV-145	SHV	broad-spectrum class A beta-lactamase SHV-145	core	AMR	AMR	BETA-LACTAM	BETA-LACTAM		WP_063864630.1	NG_050019.1	AFN88952.1	JX013655.1	No	0
SHV-146	SHV	class A beta-lactamase SHV-146	core	AMR	AMR	BETA-LACTAM	BETA-LACTAM		WP_063864631.1	NG_050020.1	AKK23731.1	KP868752.1	No	0
SHV-147	SHV	broad-spectrum class A beta-lactamase SHV-147	core	AMR	AMR	BETA-LACTAM	BETA-LACTAM		WP_063864632.1	NG_050021.1	AFQ23953.1	JX121114.1	No	0
SHV-148	SHV	broad-spectrum class A beta-lactamase SHV-148	core	AMR	AMR	BETA-LACTAM	CEPHALOSPORIN		WP_063864633.1	NG_050022.1	AFQ23954.1	JX121115.1	No	0
SHV-149	SHV	broad-spectrum class A beta-lactamase SHV-149	core	AMR	AMR	BETA-LACTAM	BETA-LACTAM		WP_063864634.1	NG_050023.1	AFQ23955.1	JX121116.1	No	0
SHV-14	SHV	broad-spectrum class A beta-lactamase SHV-14	core	AMR	AMR	BETA-LACTAM	BETA-LACTAM		WP_063864625.1	NG_050014.1	AAG17550.1	AF226622.1	No	0
SHV-150	SHV	broad-spectrum class A beta-lactamase SHV-150	core	AMR	AMR	BETA-LACTAM	BETA-LACTAM		WP_063864636.1	NG_050025.1	AFQ23956.1	JX121117.1	No	0
SHV-151	SHV	broad-spectrum class A beta-lactamase SHV-151	core	AMR	AMR	BETA-LACTAM	BETA-LACTAM		WP_063864637.1	NG_050026.1	AFQ23957.1	JX121118.1	No	0
SHV-152	SHV	extended-spectrum class A beta-lactamase SHV-152	core	AMR	AMR	BETA-LACTAM	CEPHALOSPORIN		WP_063864638.1	NG_050027.1	AFQ23958.1	JX121119.1	No	0
SHV-153	SHV	extended-spectrum class A beta-lactamase SHV-153	core	AMR	AMR	BETA-LACTAM	CEPHALOSPORIN		WP_063864639.1	NG_050028.1	AFQ23959.1	JX121120.1	No	0
SHV-154	SHV	extended-spectrum class A beta-lactamase SHV-154	core	AMR	AMR	BETA-LACTAM	CEPHALOSPORIN		WP_063864640.1	NG_050029.1	AFQ23960.1	JX121121.1	No	0
SHV-155	SHV	class A beta-lactamase SHV-155	core	AMR	AMR	BETA-LACTAM	BETA-LACTAM		WP_063864641.1	NG_050030.1	AFQ23961.1	JX121122.1	No	0
SHV-156	SHV	class A beta-lactamase SHV-156	core	AMR	AMR	BETA-LACTAM	BETA-LACTAM		WP_063864642.1	NG_050031.1	AFQ23962.1	JX121123.1	No	0
SHV-157	SHV	class A beta-lactamase SHV-157	core	AMR	AMR	BETA-LACTAM	BETA-LACTAM		WP_063864643.1	NG_050032.1	AFQ23963.1	JX121124.1	No	0
SHV-158	SHV	class A beta-lactamase SHV-158	core	AMR	AMR	BETA-LACTAM	BETA-LACTAM		WP_063864644.1	NG_050033.1	AFQ23964.1	JX121125.1	No	0
SHV-159	SHV	class A beta-lactamase SHV-159	core	AMR	AMR	BETA-LACTAM	BETA-LACTAM		WP_063864645.1	NG_050034.1	AFQ23965.1	JX121126.1	No	0
SHV-15	SHV	extended-spectrum class A beta-lactamase SHV-15	core	AMR	AMR	BETA-LACTAM	CEPHALOSPORIN		WP_063864635.1	NG_050024.1	CAB37325.2	AJ011428.2	No	0
SHV-160	SHV	extended-spectrum class A beta-lactamase SHV-160	core	AMR	AMR	BETA-LACTAM	CEPHALOSPORIN		WP_063864647.1	NG_050036.1	AFQ23966.1	JX121127.1	No	0
SHV-161	SHV	broad-spectrum class A beta-lactamase SHV-161	core	AMR	AMR	BETA-LACTAM	BETA-LACTAM		WP_063864648.1	NG_050037.1	AFQ23967.1	JX121128.1	No	0
SHV-162	SHV	extended-spectrum class A beta-lactamase SHV-162	core	AMR	AMR	BETA-LACTAM	CEPHALOSPORIN		WP_063864649.1	NG_050038.1	AFQ23968.1	JX121129.1	No	0
SHV-163	SHV	extended-spectrum class A beta-lactamase SHV-163	core	AMR	AMR	BETA-LACTAM	CEPHALOSPORIN		WP_063864650.1	NG_050039.1	AFQ23969.1	JX121130.1	No	0
SHV-164	SHV	broad-spectrum class A beta-lactamase SHV-164	core	AMR	AMR	BETA-LACTAM	CEPHALOSPORIN		WP_063864651.1	NG_050040.1	CCK86744.1	HE981194.1	No	0
SHV-165	SHV	extended-spectrum class A beta-lactamase SHV-165	core	AMR	AMR	BETA-LACTAM	CEPHALOSPORIN		WP_063864652.1	NG_050041.1	AFQ23970.1	JX121131.1	No	0
SHV-168	SHV	class A beta-lactamase SHV-168	core	AMR	AMR	BETA-LACTAM	BETA-LACTAM		WP_063864653.1	NG_050042.1	AFW16978.1	JX870080.1	No	0
SHV-16	SHV	extended-spectrum class A beta-lactamase SHV-16	core	AMR	AMR	BETA-LACTAM	CEPHALOSPORIN		WP_063864646.1	NG_050035.1	AAC98092.2	AF072684.2	No	0
SHV-171	SHV	broad-spectrum class A beta-lactamase SHV-171	core	AMR	AMR	BETA-LACTAM	BETA-LACTAM		WP_070984444.1	NG_068212.1	SBF43549.1	FLAQ01000002.1	No	0
SHV-172	SHV	class A beta-lactamase SHV-172	core	AMR	AMR	BETA-LACTAM	BETA-LACTAM		WP_063864654.1	NG_050043.1	AHA80958.1	KF513177.1	No	0
SHV-173	SHV	class A beta-lactamase SHV-173	core	AMR	AMR	BETA-LACTAM	BETA-LACTAM		WP_063864655.1	NG_050044.1	AHA80959.1	KF513178.1	No	0
SHV-175	SHV	class A beta-lactamase SHV-175	core	AMR	AMR	BETA-LACTAM	BETA-LACTAM		WP_200525730.1	NG_242311.1		WMLX01000003.1	Yes	0
SHV-178	SHV	class A beta-lactamase SHV-178	core	AMR	AMR	BETA-LACTAM	BETA-LACTAM		WP_063864656.1	NG_050045.1	AHA80963.1	KF705209.1	No	0
SHV-179	SHV	broad-spectrum class A beta-lactamase SHV-179	core	AMR	AMR	BETA-LACTAM	BETA-LACTAM		WP_063864657.1	NG_050046.1	AHA80962.1	KF705208.1	No	0
SHV-180	SHV	class A beta-lactamase SHV-180	core	AMR	AMR	BETA-LACTAM	BETA-LACTAM		WP_063864659.1	NG_050048.1	AJO16040.1	KP050487.1	No	0
SHV-182	SHV	class A beta-lactamase SHV-182	core	AMR	AMR	BETA-LACTAM	BETA-LACTAM		WP_063864660.1	NG_050049.1	AJO16042.1	KP050489.1	No	0
SHV-183	SHV	extended-spectrum class A beta-lactamase SHV-183	core	AMR	AMR	BETA-LACTAM	CEPHALOSPORIN		WP_063864661.1	NG_050050.1	CDN33427.1	HG934764.1	No	0
SHV-185	SHV	broad-spectrum class A beta-lactamase SHV-185	core	AMR	AMR	BETA-LACTAM	BETA-LACTAM		WP_063864662.1	NG_050051.1	AIS67768.1	KM233164.1	No	0
SHV-186	SHV	class A beta-lactamase SHV-186	core	AMR	AMR	BETA-LACTAM	BETA-LACTAM		WP_063864663.1	NG_050052.1	AIS67769.1	KM233165.1	No	0
SHV-187	SHV	broad-spectrum class A beta-lactamase SHV-187	core	AMR	AMR	BETA-LACTAM	CEPHALOSPORIN		WP_021440083.1	NG_050053.1	CEA29750.1	LN515533.1	No	0
SHV-188	SHV	class A beta-lactamase SHV-188	core	AMR	AMR	BETA-LACTAM	BETA-LACTAM		WP_063864664.1	NG_050054.1	CEA29751.1	LN515534.1	No	0
SHV-189	SHV	broad-spectrum class A beta-lactamase SHV-189	core	AMR	AMR	BETA-LACTAM	BETA-LACTAM		WP_063864665.1	NG_050055.1	AJO16047.1	KP050494.1	No	0
SHV-18	SHV	extended-spectrum class A beta-lactamase SHV-18	core	AMR	AMR	BETA-LACTAM	CEPHALOSPORIN		WP_063864658.1	NG_050047.1	AAF64386.1	AF132290.1	No	0
SHV-190	SHV	class A beta-lactamase SHV-190	core	AMR	AMR	BETA-LACTAM	BETA-LACTAM		WP_063864666.1	NG_050056.1	AKK23732.1	KP868753.1	No	0
SHV-191	SHV	class A beta-lactamase SHV-191	core	AMR	AMR	BETA-LACTAM	BETA-LACTAM		WP_063864667.1	NG_050057.1	AKK23733.1	KP868754.1	No	0
SHV-193	SHV	class A beta-lactamase SHV-193	core	AMR	AMR	BETA-LACTAM	BETA-LACTAM		WP_063864668.1	NG_050058.1	ALI16958.1	KR347170.1	No	0
SHV-194	SHV	class A beta-lactamase SHV-194	core	AMR	AMR	BETA-LACTAM	BETA-LACTAM		WP_065419573.1	NG_051169.1	ANN24025.1	KX421191.1	No	0
SHV-195	SHV	class A beta-lactamase SHV-195	core	AMR	AMR	BETA-LACTAM	BETA-LACTAM		WP_068981648.1	NG_051484.1	ANY40232.1	KX619652.1	No	0
SHV-196	SHV	class A beta-lactamase SHV-196	core	AMR	AMR	BETA-LACTAM	BETA-LACTAM		WP_069280714.1	NG_051521.1	AOE47041.1	KX714286.1	No	0
SHV-197	SHV	class A beta-lactamase SHV-197	core	AMR	AMR	BETA-LACTAM	BETA-LACTAM		WP_072081993.1	NG_052582.1	APG53535.1	KT946904.1	No	0
SHV-198	SHV	class A beta-lactamase SHV-198	core	AMR	AMR	BETA-LACTAM	BETA-LACTAM		WP_088245226.1	NG_055284.1	ARX71260.1	MF281086.1	No	0
SHV-199	SHV	class A beta-lactamase SHV-199	core	AMR	AMR	BETA-LACTAM	BETA-LACTAM		WP_094009815.1	NG_055503.1	ASE05856.1	MF373391.1	No	0
SHV-19	SHV	class A beta-lactamase SHV-19	core	AMR	AMR	BETA-LACTAM	BETA-LACTAM		WP_367187977.1	NG_242764.1	HBU8935839.1	DAGGWD010000033.1	No	0
SHV-1	SHV	broad-spectrum class A beta-lactamase SHV-1	core	AMR	AMR	BETA-LACTAM	BETA-LACTAM		WP_001620095.1	NG_049989.1	AAD37412.1	AF148850.1	No	0
SHV-1b-b	SHV	class A beta-lactamase SHV-1b-b	core	AMR	AMR	BETA-LACTAM	BETA-LACTAM		WP_063864669.1	NG_050059.1	AAZ98828.1	DQ166783.1	No	0
SHV-200	SHV	extended-spectrum class A beta-lactamase SHV-200	core	AMR	AMR	BETA-LACTAM	CEPHALOSPORIN		WP_096807447.1	NG_055588.1	ASY03678.1	MF871643.1	No	0
SHV-201	SHV	class A beta-lactamase SHV-201	core	AMR	AMR	BETA-LACTAM	BETA-LACTAM		WP_122630838.1	NG_062244.1	ATD84845.1	MF804905.1	No	0
SHV-202	SHV	class A beta-lactamase SHV-202	core	AMR	AMR	BETA-LACTAM	BETA-LACTAM		WP_122630839.1	NG_062245.1	ATD84846.1	MF804906.1	No	0
SHV-203	SHV	inhibitor-resistant broad-spectrum class A beta-lactamase SHV-203	core	AMR	AMR	BETA-LACTAM	CEPHALOSPORIN		WP_099156054.1	NG_055668.1	ATJ25946.1	MG028656.1	No	0
SHV-204	SHV	class A beta-lactamase SHV-204	core	AMR	AMR	BETA-LACTAM	BETA-LACTAM		WP_109791212.1	NG_057611.1	AWI33310.1	MH243356.1	No	0
SHV-205	SHV	class A beta-lactamase SHV-205	core	AMR	AMR	BETA-LACTAM	BETA-LACTAM		WP_122630863.1	NG_062276.1	AXV45345.1	MH814719.1	No	0
SHV-206	SHV	class A beta-lactamase SHV-206	core	AMR	AMR	BETA-LACTAM	BETA-LACTAM		WP_004143591.1	NG_062278.1	AYD75378.1	MH886581.1	No	0
SHV-207	SHV	class A beta-lactamase SHV-207	core	AMR	AMR	BETA-LACTAM	BETA-LACTAM		WP_064733493.1	NG_062279.1	AYD75379.1	MH886582.1	No	0
SHV-208	SHV	class A beta-lactamase SHV-208	core	AMR	AMR	BETA-LACTAM	BETA-LACTAM		WP_122630865.1	NG_062280.1	AYD75380.1	MH886583.1	No	0
SHV-209	SHV	class A beta-lactamase SHV-209	core	AMR	AMR	BETA-LACTAM	BETA-LACTAM		WP_122630866.1	NG_062281.1	AYD75381.1	MH886584.1	No	0
SHV-210	SHV	class A beta-lactamase SHV-210	core	AMR	AMR	BETA-LACTAM	BETA-LACTAM		WP_115196748.1	NG_062282.1	AYD75382.1	MH886585.1	No	0
SHV-211	SHV	class A beta-lactamase SHV-211	core	AMR	AMR	BETA-LACTAM	BETA-LACTAM		WP_023341517.1	NG_062283.1	AYD75384.1	MH886587.1	No	0
SHV-212	SHV	class A beta-lactamase SHV-212	core	AMR	AMR	BETA-LACTAM	BETA-LACTAM		WP_122630867.1	NG_062284.1	AYD75385.1	MH886588.1	No	0
SHV-213	SHV	class A beta-lactamase SHV-213	core	AMR	AMR	BETA-LACTAM	BETA-LACTAM		WP_122630868.1	NG_062285.1	AYD75386.1	MH886589.1	No	0
SHV-214	SHV	class A beta-lactamase SHV-214	core	AMR	AMR	BETA-LACTAM	BETA-LACTAM		WP_122630869.1	NG_062286.1	AYD75387.1	MH886590.1	No	0
SHV-215	SHV	class A beta-lactamase SHV-215	core	AMR	AMR	BETA-LACTAM	BETA-LACTAM		WP_122630870.1	NG_062287.1	AYD75388.1	MH886591.1	No	0
SHV-216	SHV	class A beta-lactamase SHV-216	core	AMR	AMR	BETA-LACTAM	BETA-LACTAM		WP_122630871.1	NG_062288.1	AYD75389.1	MH886592.1	No	0
SHV-217	SHV	class A beta-lactamase SHV-217	core	AMR	AMR	BETA-LACTAM	BETA-LACTAM		WP_122630872.1	NG_062289.1	AYD75390.1	MH886593.1	No	0
SHV-218	SHV	class A beta-lactamase SHV-218	core	AMR	AMR	BETA-LACTAM	BETA-LACTAM		WP_122630873.1	NG_062290.1	AYD75391.1	MH886594.1	No	0
SHV-219	SHV	class A beta-lactamase SHV-219	core	AMR	AMR	BETA-LACTAM	BETA-LACTAM		WP_122630874.1	NG_062291.1	AYD75392.1	MH886595.1	No	0
SHV-220	SHV	class A beta-lactamase SHV-220	core	AMR	AMR	BETA-LACTAM	BETA-LACTAM		WP_109232473.1	NG_062292.1	AYD75393.1	MH886596.1	No	0
SHV-221	SHV	class A beta-lactamase SHV-221	core	AMR	AMR	BETA-LACTAM	BETA-LACTAM		WP_122630875.1	NG_062293.1	AYD75394.1	MH886597.1	No	0
SHV-222	SHV	class A beta-lactamase SHV-222	core	AMR	AMR	BETA-LACTAM	BETA-LACTAM		WP_122630876.1	NG_062294.1	AYD75395.1	MH886598.1	No	0
SHV-223	SHV	class A beta-lactamase SHV-223	core	AMR	AMR	BETA-LACTAM	BETA-LACTAM		WP_117241614.1	NG_062295.1	AYD75396.1	MH886599.1	No	0
SHV-224	SHV	class A beta-lactamase SHV-224	core	AMR	AMR	BETA-LACTAM	BETA-LACTAM		WP_104159136.1	NG_062296.1	AYD75397.1	MH886600.1	No	0
SHV-225	SHV	class A beta-lactamase SHV-225	core	AMR	AMR	BETA-LACTAM	BETA-LACTAM		WP_122630877.1	NG_062297.1	AYD75398.1	MH886601.1	No	0
SHV-226	SHV	class A beta-lactamase SHV-226	core	AMR	AMR	BETA-LACTAM	BETA-LACTAM		WP_122630878.1	NG_062298.1	AYD75399.1	MH886602.1	No	0
SHV-227	SHV	class A beta-lactamase SHV-227	core	AMR	AMR	BETA-LACTAM	BETA-LACTAM		WP_122630879.1	NG_062299.1	AYD75400.1	MH886603.1	No	0
SHV-228	SHV	class A beta-lactamase SHV-228	core	AMR	AMR	BETA-LACTAM	BETA-LACTAM		WP_122630880.1	NG_062300.1	AYD75401.1	MH886604.1	No	0
SHV-229	SHV	broad-spectrum class A beta-lactamase SHV-229	core	AMR	AMR	BETA-LACTAM	BETA-LACTAM		WP_223146982.1	NG_076841.1	QYZ89891.1	MZ748304.1	No	0
SHV-230	SHV	extended-spectrum class A beta-lactamase SHV-230	core	AMR	AMR	BETA-LACTAM	CEPHALOSPORIN		WP_268871888.1	NG_148673.1	UZV42324.1	OP762696.1	No	0
SHV-231	SHV	inhibitor-resistant extended-spectrum class A beta-lactamase SHV-231	core	AMR	AMR	BETA-LACTAM	BETA-LACTAM		WP_268871889.1	NG_148674.1	WAK12382.1	OP951208.1	No	0
SHV-232	SHV	class A beta-lactamase SHV-232	core	AMR	AMR	BETA-LACTAM	BETA-LACTAM		WP_087834333.1	NG_228688.1	WKB12817.1	OR224963.1	No	0
SHV-233	SHV	inhibitor-resistant class A beta-lactamase SHV-233	core	AMR	AMR	BETA-LACTAM	BETA-LACTAM		WP_328703073.1	NG_242312.1	WPL92335.1	OR826346.1	No	0
SHV-234	SHV	inhibitor-resistant class A beta-lactamase SHV-234	core	AMR	AMR	BETA-LACTAM	BETA-LACTAM		WP_328703074.1	NG_242313.1	WPM90266.1	OR863406.1	No	0
SHV-235	SHV	class A beta-lactamase SHV-235	core	AMR	AMR	BETA-LACTAM	BETA-LACTAM		WP_328703075.1	NG_242314.1	WPM90267.1	OR863407.1	No	0
SHV-236	SHV	class A beta-lactamase SHV-236	core	AMR	AMR	BETA-LACTAM	BETA-LACTAM		WP_328703076.1	NG_242315.1	WPM90268.1	OR863408.1	No	0
SHV-237	SHV	class A beta-lactamase SHV-237	core	AMR	AMR	BETA-LACTAM	BETA-LACTAM		WP_328703077.1	NG_242316.1	WPM90269.1	OR863410.1	No	0
SHV-238	SHV	inhibitor-resistant extended-spectrum class A beta-lactamase SHV-238	core	AMR	AMR	BETA-LACTAM	BETA-LACTAM		WP_328703078.1	NG_242317.1	WPO27054.1	OR880707.1	No	0
SHV-239	SHV	inhibitor-resistant class A beta-lactamase SHV-239	core	AMR	AMR	BETA-LACTAM	BETA-LACTAM		WP_328703079.1	NG_242318.1	WPR17817.1	OR876331.1	No	0
SHV-240	SHV	inhibitor-resistant class A beta-lactamase SHV-240	core	AMR	AMR	BETA-LACTAM	BETA-LACTAM		WP_064173135.1	NG_242319.1	WPR17818.1	OR876332.1	No	0
SHV-241	SHV	inhibitor-resistant class A beta-lactamase SHV-241	core	AMR	AMR	BETA-LACTAM	BETA-LACTAM		WP_328703080.1	NG_242320.1	WPR17819.1	OR876333.1	No	0
SHV-242	SHV	inhibitor-resistant class A beta-lactamase SHV-242	core	AMR	AMR	BETA-LACTAM	BETA-LACTAM		WP_265929472.1	NG_242321.1	WPR17820.1	OR876334.1	No	0
SHV-243	SHV	class A beta-lactamase SHV-243	core	AMR	AMR	BETA-LACTAM	BETA-LACTAM		WP_328703081.1	NG_242322.1	WPR17821.1	OR876335.1	No	0
SHV-244	SHV	class A beta-lactamase SHV-244	core	AMR	AMR	BETA-LACTAM	BETA-LACTAM		WP_064738859.1	NG_242606.1	WXU52833.1	PP532823.1	No	0
SHV-245	SHV	class A beta-lactamase SHV-245	core	AMR	AMR	BETA-LACTAM	BETA-LACTAM		WP_367187978.1	NG_242765.1	XBP46884.1	PP847210.1	No	0
SHV-246	SHV	class A beta-lactamase SHV-246	core	AMR	AMR	BETA-LACTAM	BETA-LACTAM		WP_420354195.1	NG_244641.1	XOU30642.1	PV075178.1	No	0
SHV-247	SHV	class A beta-lactamase SHV-247	core	AMR	AMR	BETA-LACTAM	BETA-LACTAM		WP_420354196.1	NG_244642.1	XOU30643.1	PV075179.1	No	0
SHV-248	SHV	class A beta-lactamase SHV-248	core	AMR	AMR	BETA-LACTAM	BETA-LACTAM		WP_371211403.1	NG_244643.1	XOU30644.1	PV075180.1	No	0
SHV-249	SHV	class A beta-lactamase SHV-249	core	AMR	AMR	BETA-LACTAM	BETA-LACTAM		WP_420354197.1	NG_244644.1	XOU30645.1	PV075181.1	No	0
SHV-24	SHV	extended-spectrum class A beta-lactamase SHV-24	core	AMR	AMR	BETA-LACTAM	CEPHALOSPORIN		WP_063864670.1	NG_050061.1	BAA84973.1	AB023477.1	No	0
SHV-250	SHV	class A beta-lactamase SHV-250	core	AMR	AMR	BETA-LACTAM	BETA-LACTAM		WP_420354198.1	NG_244645.1	XOU30646.1	PV075182.1	No	0
SHV-251	SHV	class A beta-lactamase SHV-251	core	AMR	AMR	BETA-LACTAM	BETA-LACTAM		WP_420354199.1	NG_244646.1	XOU30647.1	PV075183.1	No	0
SHV-252	SHV	class A beta-lactamase SHV-252	core	AMR	AMR	BETA-LACTAM	BETA-LACTAM		WP_420354200.1	NG_244647.1	XOU30648.1	PV075184.1	No	0
SHV-253	SHV	class A beta-lactamase SHV-253	core	AMR	AMR	BETA-LACTAM	BETA-LACTAM		WP_064754711.1	NG_245189.1	MFV5158421.1	JBJLTU020000001.1	No	0
SHV-254	SHV	class A beta-lactamase SHV-254	core	AMR	AMR	BETA-LACTAM	BETA-LACTAM		WP_087827970.1	NG_245190.1	MFV5108851.1	JBJLSZ020000001.1	No	0
SHV-255	SHV	class A beta-lactamase SHV-255	core	AMR	AMR	BETA-LACTAM	BETA-LACTAM		WP_435892101.1	NG_245191.1	XUZ93911.1	PV712801.1	No	0
SHV-256	SHV	class A beta-lactamase SHV-256	core	AMR	AMR	BETA-LACTAM	BETA-LACTAM		WP_459076600.1	NG_246010.1	YCB24295.1	PX649182.1	No	0
SHV-25	SHV	broad-spectrum class A beta-lactamase SHV-25	core	AMR	AMR	BETA-LACTAM	BETA-LACTAM		WP_063864671.1	NG_050062.1	AAF37209.2	AF208796.2	No	0
SHV-26	SHV	broad-spectrum class A beta-lactamase SHV-26	core	AMR	AMR	BETA-LACTAM	BETA-LACTAM		WP_023280043.1	NG_050063.1	AAF36719.1	AF227204.1	No	0
SHV-27	SHV	broad-spectrum class A beta-lactamase SHV-27	core	AMR	AMR	BETA-LACTAM	BETA-LACTAM		WP_023282555.1	NG_050064.1	AAG01039.1	AF293345.1	No	0
SHV-28	SHV	broad-spectrum class A beta-lactamase SHV-28	core	AMR	AMR	BETA-LACTAM	BETA-LACTAM		WP_004179754.1	NG_051877.1	ACA09611.1	EU441172.1	No	0
SHV-29	SHV	extended-spectrum class A beta-lactamase SHV-29	core	AMR	AMR	BETA-LACTAM	CEPHALOSPORIN		WP_063864672.1	NG_050066.1	AAG49894.1	AF301532.1	No	1
SHV-2A	SHV	extended-spectrum class A beta-lactamase SHV-2a	core	AMR	AMR	BETA-LACTAM	CEPHALOSPORIN		WP_032488413.1	NG_050067.1	CAA66730.1	X98102.1	No	1
SHV-2	SHV	extended-spectrum class A beta-lactamase SHV-2	core	AMR	AMR	BETA-LACTAM	CEPHALOSPORIN		WP_012477587.1	NG_050060.1	AAD37413.1	AF148851.1	No	0
SHV-30	SHV	extended-spectrum class A beta-lactamase SHV-30	core	AMR	AMR	BETA-LACTAM	CEPHALOSPORIN		WP_032491180.1	NG_050069.1	AAT75225.1	AY661885.1	No	0
SHV-31	SHV	extended-spectrum class A beta-lactamase SHV-31	core	AMR	AMR	BETA-LACTAM	CEPHALOSPORIN		WP_063864674.1	NG_050070.1	AAP33454.2	AY277255.2	No	0
SHV-32	SHV	broad-spectrum class A beta-lactamase SHV-32	core	AMR	AMR	BETA-LACTAM	BETA-LACTAM		WP_063864675.1	NG_050071.1	AAK69828.1	AY037778.1	No	0
SHV-33	SHV	broad-spectrum class A beta-lactamase SHV-33	core	AMR	AMR	BETA-LACTAM	BETA-LACTAM		WP_023325206.1	NG_050072.1	AAK69829.1	AY037779.1	No	0
SHV-34	SHV	extended-spectrum class A beta-lactamase SHV-34	core	AMR	AMR	BETA-LACTAM	CEPHALOSPORIN		WP_063864676.1	NG_050073.1	AAK64187.1	AY036620.1	No	1
SHV-35	SHV	class A beta-lactamase SHV-35	core	AMR	AMR	BETA-LACTAM	CEPHALOSPORIN		WP_063864677.1	NG_050074.1	AAL68926.1	AY070258.1	No	0
SHV-36	SHV	broad-spectrum class A beta-lactamase SHV-36	core	AMR	AMR	BETA-LACTAM	BETA-LACTAM		WP_063864678.1	NG_050075.1	AAL82592.1	AF467947.1	No	0
SHV-37	SHV	class A beta-lactamase SHV-37	core	AMR	AMR	BETA-LACTAM	BETA-LACTAM		WP_063864679.1	NG_050076.1	AAL82593.1	AF467948.1	No	0
SHV-38	SHV	extended-spectrum class A beta-lactamase SHV-38	core	AMR	AMR	BETA-LACTAM	CEPHALOSPORIN		WP_063864680.1	NG_050077.1	AAL79576.1	AY079099.1	No	0
SHV-3	SHV	extended-spectrum class A beta-lactamase SHV-3	core	AMR	AMR	BETA-LACTAM	CEPHALOSPORIN		WP_063864673.1	NG_050068.1	ANA06389.1	KX092356.1	No	1
SHV-40	SHV	broad-spectrum class A beta-lactamase SHV-40	core	AMR	AMR	BETA-LACTAM	BETA-LACTAM		WP_063864681.1	NG_050078.1	AAN04882.1	AF535128.1	No	0
SHV-41	SHV	broad-spectrum class A beta-lactamase SHV-41	core	AMR	AMR	BETA-LACTAM	BETA-LACTAM		WP_063864682.1	NG_050079.1	AAN04883.1	AF535129.1	No	0
SHV-42	SHV	broad-spectrum class A beta-lactamase SHV-42	core	AMR	AMR	BETA-LACTAM	BETA-LACTAM		WP_063864683.1	NG_050080.1	AAN04884.1	AF535130.1	No	0
SHV-43	SHV	broad-spectrum class A beta-lactamase SHV-43	core	AMR	AMR	BETA-LACTAM	BETA-LACTAM		WP_032490193.1	NG_050081.1	AAL40899.1	AY065991.1	No	0
SHV-44	SHV	broad-spectrum class A beta-lactamase SHV-44	core	AMR	AMR	BETA-LACTAM	BETA-LACTAM		WP_063864684.1	NG_050082.1	AAP82228.1	AY259119.1	No	0
SHV-45	SHV	extended-spectrum class A beta-lactamase SHV-45	core	AMR	AMR	BETA-LACTAM	CEPHALOSPORIN		WP_063864685.1	NG_050083.1	AAN39364.1	AF547625.1	No	0
SHV-46	SHV	extended-spectrum class A beta-lactamase SHV-46	core	AMR	AMR	BETA-LACTAM	CEPHALOSPORIN		WP_063864686.1	NG_050084.1	AAO53445.1	AY210887.1	No	1
SHV-48	SHV	broad-spectrum class A beta-lactamase SHV-48	core	AMR	AMR	BETA-LACTAM	BETA-LACTAM		WP_063864687.1	NG_050085.1	AAP03063.1	AY263404.1	No	0
SHV-49	SHV	inhibitor-resistant broad-spectrum class A beta-lactamase SHV-49	core	AMR	AMR	BETA-LACTAM	BETA-LACTAM		WP_063864688.1	NG_050086.1	AAS98184.1	AY528718.1	No	0
SHV-4	SHV	extended-spectrum class A beta-lactamase SHV-4	core	AMR	AMR	BETA-LACTAM	CEPHALOSPORIN		WP_152330890.1	NG_066766.1	SPD96731.1	LT985229.1	No	0
SHV-50	SHV	broad-spectrum class A beta-lactamase SHV-50	core	AMR	AMR	BETA-LACTAM	BETA-LACTAM		WP_063864689.1	NG_050088.1	AAP41108.1	AY288915.1	No	0
SHV-51	SHV	broad-spectrum class A beta-lactamase SHV-51	core	AMR	AMR	BETA-LACTAM	BETA-LACTAM		WP_063864690.1	NG_050089.1	AAP41944.1	AY289548.1	No	0
SHV-52	SHV	inhibitor-resistant broad-spectrum class A beta-lactamase SHV-52	core	AMR	AMR	BETA-LACTAM	BETA-LACTAM		WP_063864691.1	NG_050090.1	AEJ08681.1	HQ845196.1	No	0
SHV-55	SHV	extended-spectrum class A beta-lactamase SHV-55	core	AMR	AMR	BETA-LACTAM	CEPHALOSPORIN		WP_063864692.1	NG_050091.1	AAY51674.1	DQ054528.1	No	0
SHV-56	SHV	inhibitor-resistant broad-spectrum class A beta-lactamase SHV-56	core	AMR	AMR	BETA-LACTAM	BETA-LACTAM		WP_063864693.1	NG_050092.1	ACB73258.1	EU586041.1	No	0
SHV-57	SHV	extended-spectrum class A beta-lactamase SHV-57	core	AMR	AMR	BETA-LACTAM	CEPHALOSPORIN		WP_032490632.1	NG_050093.1	AAO66446.1	AY223863.1	No	0
SHV-59	SHV	broad-spectrum class A beta-lactamase SHV-59	core	AMR	AMR	BETA-LACTAM	BETA-LACTAM		WP_063864694.1	NG_050094.1	AAV66328.1	AY790341.1	No	0
SHV-5	SHV	extended-spectrum class A beta-lactamase SHV-5	core	AMR	AMR	BETA-LACTAM	CEPHALOSPORIN		WP_011117369.1	NG_050087.1	CAA39164.1	X55640.1	No	0
SHV-60	SHV	broad-spectrum class A beta-lactamase SHV-60	core	AMR	AMR	BETA-LACTAM	BETA-LACTAM		WP_004183952.1	NG_050095.1	CAI30649.2	AJ866283.2	No	0
SHV-61	SHV	broad-spectrum class A beta-lactamase SHV-61	core	AMR	AMR	BETA-LACTAM	BETA-LACTAM		WP_063864695.1	NG_050096.1	CAI30650.2	AJ866284.2	No	0
SHV-62	SHV	broad-spectrum class A beta-lactamase SHV-62	core	AMR	AMR	BETA-LACTAM	BETA-LACTAM		WP_063864696.1	NG_050097.1	CAI30651.2	AJ866285.2	No	0
SHV-63	SHV	broad-spectrum class A beta-lactamase SHV-63	core	AMR	AMR	BETA-LACTAM	BETA-LACTAM		WP_063864697.1	NG_050098.1	ABY56290.1	EU342351.1	No	0
SHV-64	SHV	extended-spectrum class A beta-lactamase SHV-64	core	AMR	AMR	BETA-LACTAM	CEPHALOSPORIN		WP_063864698.1	NG_050099.1	ABA06586.1	DQ174304.1	No	0
SHV-65	SHV	broad-spectrum class A beta-lactamase SHV-65	core	AMR	AMR	BETA-LACTAM	CEPHALOSPORIN		WP_063864699.1	NG_050100.1	ABA06587.1	DQ174305.1	No	0
SHV-66	SHV	extended-spectrum class A beta-lactamase SHV-66	core	AMR	AMR	BETA-LACTAM	CEPHALOSPORIN		WP_063864700.1	NG_050101.1	ABA06588.1	DQ174306.1	No	0
SHV-67	SHV	class A beta-lactamase SHV-67	core	AMR	AMR	BETA-LACTAM	BETA-LACTAM		WP_063864701.1	NG_050102.1	ABA06589.1	DQ174307.1	No	0
SHV-69	SHV	class A beta-lactamase SHV-69	core	AMR	AMR	BETA-LACTAM	BETA-LACTAM		WP_063864702.1	NG_050103.1	ABA06590.1	DQ174308.1	No	0
SHV-6	SHV	extended-spectrum class A beta-lactamase SHV-6	core	AMR	AMR	BETA-LACTAM	BETA-LACTAM		WP_367187979.1	NG_242766.1	HBX2855210.1	DAGOBI010000132.1	No	0
SHV-70	SHV	extended-spectrum class A beta-lactamase SHV-70	core	AMR	AMR	BETA-LACTAM	CEPHALOSPORIN		WP_032491403.1	NG_050105.1	AAY42633.1	DQ013287.1	No	0
SHV-71	SHV	broad-spectrum class A beta-lactamase SHV-71	core	AMR	AMR	BETA-LACTAM	BETA-LACTAM		WP_063864703.1	NG_050106.1	CAJ47126.2	AM176546.2	No	0
SHV-72	SHV	inhibitor-resistant broad-spectrum class A beta-lactamase SHV-72	core	AMR	AMR	BETA-LACTAM	BETA-LACTAM		WP_063864704.1	NG_050107.1	CAJ47127.2	AM176547.2	No	0
SHV-73	SHV	inhibitor-resistant broad-spectrum class A beta-lactamase SHV-73	core	AMR	AMR	BETA-LACTAM	BETA-LACTAM		WP_063864705.1	NG_050108.1	CAJ47128.2	AM176548.2	No	0
SHV-74	SHV	broad-spectrum class A beta-lactamase SHV-74	core	AMR	AMR	BETA-LACTAM	BETA-LACTAM		WP_063864706.1	NG_050109.1	CAJ47129.2	AM176549.2	No	0
SHV-75	SHV	broad-spectrum class A beta-lactamase SHV-75	core	AMR	AMR	BETA-LACTAM	BETA-LACTAM		WP_023316270.1	NG_050110.1	CAJ47130.2	AM176550.2	No	0
SHV-76	SHV	broad-spectrum class A beta-lactamase SHV-76	core	AMR	AMR	BETA-LACTAM	BETA-LACTAM		WP_023158217.1	NG_050111.1	CAJ47131.2	AM176551.2	No	0
SHV-77	SHV	broad-spectrum class A beta-lactamase SHV-77	core	AMR	AMR	BETA-LACTAM	BETA-LACTAM		WP_063864707.1	NG_050112.1	CAJ47132.2	AM176552.2	No	0
SHV-78	SHV	broad-spectrum class A beta-lactamase SHV-78	core	AMR	AMR	BETA-LACTAM	BETA-LACTAM		WP_063864708.1	NG_050113.1	CAJ47133.2	AM176553.2	No	0
SHV-79	SHV	broad-spectrum class A beta-lactamase SHV-79	core	AMR	AMR	BETA-LACTAM	BETA-LACTAM		WP_063864709.1	NG_050114.1	CAJ47134.2	AM176554.2	No	0
SHV-7	SHV	extended-spectrum class A beta-lactamase SHV-7	core	AMR	AMR	BETA-LACTAM	CEPHALOSPORIN		WP_020316986.1	NG_050104.1	AAA87176.1	U20270.1	No	0
SHV-80	SHV	broad-spectrum class A beta-lactamase SHV-80	core	AMR	AMR	BETA-LACTAM	BETA-LACTAM		WP_023316831.1	NG_050116.1	CAJ47135.2	AM176555.2	No	0
SHV-81	SHV	broad-spectrum class A beta-lactamase SHV-81	core	AMR	AMR	BETA-LACTAM	BETA-LACTAM		WP_063864711.1	NG_050117.1	CAJ47136.2	AM176556.2	No	0
SHV-82	SHV	broad-spectrum class A beta-lactamase SHV-82	core	AMR	AMR	BETA-LACTAM	BETA-LACTAM		WP_063864712.1	NG_050118.1	CAJ47137.2	AM176557.2	No	0
SHV-84	SHV	inhibitor-resistant broad-spectrum class A beta-lactamase SHV-84	core	AMR	AMR	BETA-LACTAM	BETA-LACTAM		WP_367187980.1	NG_242767.1	HBU8836957.1	DAGGVK010000093.1	No	0
SHV-85	SHV	broad-spectrum class A beta-lactamase SHV-85	core	AMR	AMR	BETA-LACTAM	BETA-LACTAM		WP_063864713.1	NG_050119.1	ABC54571.1	DQ322460.1	No	0
SHV-86	SHV	extended-spectrum class A beta-lactamase SHV-86	core	AMR	AMR	BETA-LACTAM	CEPHALOSPORIN		WP_063864714.1	NG_050120.1	ABC58727.1	DQ328802.1	No	0
SHV-89	SHV	broad-spectrum class A beta-lactamase SHV-89	core	AMR	AMR	BETA-LACTAM	BETA-LACTAM		WP_032491601.1	NG_050121.1	ABA60809.1	DQ193536.1	No	0
SHV-8	SHV	extended-spectrum class A beta-lactamase SHV-8	core	AMR	AMR	BETA-LACTAM	CEPHALOSPORIN		WP_063864710.1	NG_050115.1	AAB51384.1	U92041.1	No	1
SHV-92	SHV	inhibitor-resistant broad-spectrum class A beta-lactamase SHV-92	core	AMR	AMR	BETA-LACTAM	BETA-LACTAM		WP_032491784.1	NG_050123.1	ABH04327.1	DQ836922.1	No	0
SHV-93	SHV	class A beta-lactamase SHV-93	core	AMR	AMR	BETA-LACTAM	BETA-LACTAM		WP_063864715.1	NG_050124.1	ABN49110.1	EF373969.1	No	0
SHV-94	SHV	class A beta-lactamase SHV-94	core	AMR	AMR	BETA-LACTAM	BETA-LACTAM		WP_063864716.1	NG_050125.1	ABN49111.1	EF373970.1	No	0
SHV-95	SHV	broad-spectrum class A beta-lactamase SHV-95	core	AMR	AMR	BETA-LACTAM	BETA-LACTAM		WP_063864717.1	NG_050126.1	ABN49113.1	EF373972.1	No	0
SHV-96	SHV	class A beta-lactamase SHV-96	core	AMR	AMR	BETA-LACTAM	BETA-LACTAM		WP_063864718.1	NG_050127.1	ABN49112.1	EF373971.1	No	0
SHV-97	SHV	inhibitor-resistant extended-spectrum class A beta-lactamase SHV-97	core	AMR	AMR	BETA-LACTAM	CEPHALOSPORIN		WP_063864719.1	NG_050128.1	ABN49114.1	EF373973.1	No	0
SHV-98	SHV	broad-spectrum class A beta-lactamase SHV-98	core	AMR	AMR	BETA-LACTAM	CEPHALOSPORIN		WP_063864720.1	NG_050129.1	CAQ03503.1	AM941844.1	No	0
SHV-99	SHV	broad-spectrum class A beta-lactamase SHV-99	core	AMR	AMR	BETA-LACTAM	CEPHALOSPORIN		WP_063864721.1	NG_050130.1	CAQ03504.1	AM941845.1	No	0
SHV-9	SHV	extended-spectrum class A beta-lactamase SHV-9	core	AMR	AMR	BETA-LACTAM	CEPHALOSPORIN		WP_032488887.1	NG_050122.1	AAB37395.2	S82452.1	No	0